id_comuna;anio;planes;agricultores;incentivo;inversion_total;ha_reales;ha_ejecutada;ha_practica;ases_formulacion;ases_ejecucion;supagr_predios;dif_planes_vs_oficial;dif_incentivo_pct
6101;2012;16;14;12633326;16704059;91.7;91.7;161.9;1118000.0;0.0;120.54;-1.0;-5.84
6101;2013;19;15;10187466;13510608;107.8;107.8;138.6;1292000.0;0.0;125.62;0.0;0.0
6101;2014;18;15;10392732;13805956;104.88;104.88;123.36;;;;;
6101;2015;20;17;18980762;24996186;105.21;105.21;200.42;1656000.0;0.0;130.61;0.0;0.0
6101;2016;19;16;18291663;26606101;98.78;98.78;168.66;1350000.0;0.0;136.62;0.0;0.0
6101;2017;20;15;24314071;34493170;114.23;114.23;221.33;1200000.0;0.0;133.91;0.0;0.0
6101;2018;21;17;24217543;35683233;120.53;120.53;217.75;1260000.0;0.0;136.36;0.0;0.0
6101;2019;16;13;16120345;23687427;95.1;95.1;178.7;960000.0;0.0;107.1;0.0;0.0
6101;2020;8;7;5371092;7830093;28.21;28.21;44.74;490000.0;0.0;35.28;0.0;0.0
6101;2021;6;5;3419321;4953597;21.38;21.38;42.76;360000.0;0.0;21.38;0.0;0.0
6101;2022;6;5;4160204;5500715;20.8;20.8;36.4;450000.0;0.0;20.8;0.0;0.0
6101;2024;8;7;9967952;13180558;34.0;34.0;57.1;;;;;
6101;2025;5;4;3705408;5058734;13.05;13.05;22.1;;;;;
6102;2012;2;1;233550;308805;3.0;3.0;3.0;96000.0;0.0;3.53;0.0;0.0
6102;2013;2;1;243826;322392;3.0;3.0;3.0;96000.0;0.0;3.2;0.0;0.0
6102;2014;2;1;238950;315945;3.0;3.0;3.0;;;;;
6102;2015;1;1;108450;143395;1.0;1.0;2.0;50000.0;0.0;1.39;0.0;0.0
6102;2016;4;2;1698684;2305531;6.7;6.7;13.4;280000.0;0.0;8.73;0.0;0.0
6102;2017;3;2;749880;1026286;4.7;4.7;5.7;180000.0;0.0;5.09;0.0;0.0
6102;2018;5;3;1426410;2121786;8.2;8.2;9.2;300000.0;0.0;8.2;0.0;0.0
6102;2020;2;1;428312;637115;3.7;3.7;5.4;120000.0;0.0;3.7;0.0;0.0
6102;2022;1;1;64004;78240;0.32;0.32;0.64;32000.0;0.0;0.4;0.0;0.0
6103;2012;9;8;5391366;7186175;29.09;29.09;53.89;656000.0;0.0;29.46;0.0;0.0
6103;2013;9;7;4892127;6542779;31.91;31.91;63.82;722000.0;0.0;34.79;0.0;0.0
6103;2014;10;8;5531594;7379745;33.41;33.41;45.82;;;;;
6103;2015;9;9;6661653;8766382;25.2;25.2;44.4;900000.0;0.0;25.6;0.0;0.0
6103;2016;14;11;8931309;12335395;45.07;45.07;83.9;980000.0;0.0;55.64;0.0;0.0
6103;2017;18;14;13472702;18231231;62.2;62.2;107.8;1080000.0;0.0;77.38;0.0;0.0
6103;2018;21;18;13998608;18947321;61.94;61.94;76.88;1260000.0;0.0;71.84;0.0;0.0
6103;2019;26;21;14044747;19097473;81.33;81.33;129.25;1530000.0;0.0;97.49;0.0;0.0
6103;2020;26;21;15012586;20864324;70.79;70.79;79.48;1570000.0;0.0;104.19;0.0;0.0
6103;2021;23;21;15824449;21353993;74.86;74.86;121.32;1380000.0;0.0;89.83;0.0;0.0
6103;2022;12;11;10815687;14477529;46.29;46.29;88.34;915000.0;0.0;56.84;0.0;0.0
6103;2023;7;7;6312677;8754178;20.68;20.68;37.98;;;;;
6103;2024;14;11;10545884;14283974;37.52;37.52;70.48;;;;;
6103;2025;11;10;10427187;14389363;33.94;33.94;49.73;;;;;
6104;2012;82;58;36933088;49962736;235.73;235.73;431.42;6261000.0;0.0;274.36;0.0;0.0
6104;2013;117;78;47723762;64424993;287.67;287.67;542.48;9221000.0;0.0;317.11;0.0;0.0
6104;2014;118;81;50380347;73710943;288.35;288.35;521.38;;;;;
6104;2015;83;63;45163042;59709606;218.84;218.84;401.76;7568000.0;0.0;220.23;0.0;0.0
6104;2016;114;78;53170166;74501914;280.92;280.92;497.05;7778000.0;0.0;326.22;-1.0;-0.81
6104;2017;108;71;61561970;84607061;278.62;278.62;513.91;6395000.0;0.0;310.07;0.0;0.0
6104;2018;100;62;51207640;75117633;250.04;250.04;435.74;5905000.0;0.0;261.33;0.0;0.0
6104;2019;97;57;36180959;52337182;233.49;233.49;420.68;5634000.0;0.0;234.49;0.0;0.0
6104;2020;80;47;29735518;42302756;183.3;183.3;320.54;4664000.0;0.0;209.12;0.0;0.0
6104;2021;64;42;22747314;31999753;147.24;147.24;249.68;3714000.0;0.0;151.25;0.0;0.0
6104;2022;49;34;23220312;30702401;119.22;119.22;206.35;3555000.0;0.0;123.7;0.0;0.0
6104;2023;15;12;10658042;14034531;37.11;37.11;69.72;;;;;
6104;2024;36;26;26027717;34416360;93.67;93.67;147.13;;;;;
6104;2025;31;23;20091908;27649226;71.58;71.58;133.18;;;;;
6105;2012;23;15;7966714;10681583;49.77;49.77;83.63;1874000.0;0.0;61.86;-1.0;-1.38
6105;2013;24;18;8649991;11629063;43.36;43.36;71.21;1840000.0;0.0;50.74;0.0;0.0
6105;2014;20;15;6069427;8193371;33.85;33.85;60.96;;;;;
6105;2015;12;10;3717172;4898995;20.56;20.56;35.12;953000.0;0.0;22.24;0.0;0.0
6105;2016;23;17;9345381;12877219;48.0;48.0;88.08;1572000.0;0.0;51.82;0.0;0.0
6105;2017;18;12;8144894;10892468;35.01;35.01;63.44;1057000.0;0.0;36.48;0.0;0.0
6105;2018;12;8;4857336;7212769;23.15;23.15;37.96;697000.0;0.0;23.15;0.0;0.0
6105;2019;15;10;4069558;5898974;28.68;28.68;45.5;821000.0;0.0;28.68;0.0;0.0
6105;2020;14;7;2710889;3635888;20.78;20.78;29.1;752500.0;0.0;24.48;0.0;0.0
6105;2021;15;7;2259501;3006421;17.67;17.67;21.25;840000.0;0.0;17.7;0.0;0.0
6105;2022;8;5;1606226;2123787;11.15;11.15;14.25;566000.0;0.0;11.15;0.0;0.0
6105;2023;3;2;856797;1132874;3.7;3.7;6.0;;;;;
6105;2024;3;2;955675;1263714;3.6;3.6;5.6;;;;;
6105;2025;2;2;1114065;1473041;3.8;3.8;5.8;;;;;
6106;2012;11;10;5445919;7188814;69.8;69.8;69.8;638000.0;0.0;82.04;0.0;0.0
6106;2013;9;9;6064926;8199211;54.0;54.0;84.5;524000.0;0.0;69.36;0.0;0.0
6106;2014;10;9;4148550;5485305;51.0;51.0;54.0;;;;;
6106;2015;9;9;9597375;12689863;51.5;51.5;75.0;756000.0;0.0;68.09;0.0;0.0
6106;2016;9;9;10213865;14992582;56.0;56.0;94.0;630000.0;0.0;68.09;0.0;0.0
6106;2017;13;12;15472448;21050705;67.5;67.5;135.0;770000.0;0.0;82.13;0.0;0.0
6106;2018;10;9;11993940;17840985;57.0;57.0;103.0;600000.0;0.0;62.7;0.0;0.0
6106;2019;8;8;8844739;13157627;49.5;49.5;96.5;490000.0;0.0;50.5;0.0;0.0
6106;2020;2;2;876080;1303169;8.0;8.0;11.0;120000.0;0.0;14.0;0.0;0.0
6106;2022;2;2;2260111;2988367;11.3;11.3;22.6;150000.0;0.0;11.3;0.0;0.0
6106;2024;2;2;1812443;2396452;6.3;6.3;6.3;;;;;
6106;2025;2;2;1847003;2442148;6.3;6.3;9.3;;;;;
6107;2012;108;92;66591100;80455450;550.44;550.44;591.32;6690000.0;0.0;677.13;-3.0;-0.4
6107;2013;162;121;96894660;115836400;815.66;815.66;1066.65;10873000.0;0.0;1075.75;9.0;3.67
6107;2014;137;97;82735032;98153468;674.52;674.52;826.73;;;;;
6107;2015;110;93;145913572;163283000;545.43;545.43;972.79;10518070.0;0.0;706.17;0.0;-1.22
6107;2016;139;109;121162563;151698990;630.65;630.65;489.4;9300564.0;0.0;845.61;-4.0;-2.45
6107;2017;145;119;150736793;186363314;680.74;680.74;1104.01;8374000.0;0.0;811.59;1.0;1.63
6107;2018;179;138;197583393;247135048;808.47;807.87;1499.82;10220000.0;0.0;960.67;0.0;0.0
6107;2019;175;134;137063135;156579439;716.34;712.04;1251.63;10207000.0;0.0;896.67;0.0;0.0
6107;2020;105;86;75047105;89720509;466.61;466.61;751.44;6000000.0;0.0;563.0;0.0;0.0
6107;2021;111;88;77069036;101765390;453.86;451.01;778.2;6642500.0;0.0;593.19;0.0;0.0
6107;2022;99;84;83808196;109430623;423.52;423.52;615.21;7300000.0;0.0;558.85;0.0;0.0
6107;2023;36;31;39907084;52407855;136.82;136.82;244.14;;;;;
6107;2024;87;72;102113808;138828971;367.52;367.52;567.03;;;;;
6107;2025;51;43;65225524;86765356;224.82;224.82;391.45;;;;;
6108;2012;2;2;3062063;4048728;9.9;7.4;15.3;199000.0;0.0;10.4;0.0;0.0
6108;2013;1;1;587826;777235;5.4;5.4;10.8;84000.0;0.0;5.4;0.0;0.0
6108;2014;1;1;417150;550970;3.0;3.0;6.0;;;;;
6108;2015;2;2;1876500;2481150;10.0;10.0;20.0;168000.0;0.0;11.44;0.0;0.0
6108;2016;1;1;539940;803160;3.0;3.0;3.0;70000.0;0.0;3.0;0.0;0.0
6108;2017;1;1;1767528;2629197;8.4;8.4;16.8;60000.0;0.0;8.4;0.0;0.0
6108;2020;1;1;1090320;1621851;7.0;7.0;14.0;60000.0;0.0;7.0;0.0;0.0
6109;2012;36;30;18040897;23415645;111.43;111.43;122.14;3118000.0;0.0;159.77;-6.0;-20.74
6109;2013;48;39;30394942;39404649;147.95;147.95;219.37;4294000.0;0.0;183.19;0.0;1.35
6109;2014;49;39;33094643;43998130;163.24;163.24;306.81;;;;;
6109;2015;47;37;34770145;46969204;170.85;170.85;298.37;4056000.0;0.0;205.93;0.0;0.0
6109;2016;65;48;43797452;56304506;196.58;196.58;347.79;4690000.0;0.0;244.12;0.0;0.0
6109;2017;65;45;48371054;71018268;226.17;226.17;385.69;3900000.0;0.0;261.25;0.0;0.0
6109;2018;69;48;53116005;72413683;237.54;237.54;411.68;4180000.0;0.0;267.58;0.0;0.0
6109;2019;71;45;40985561;54506162;216.41;216.41;379.82;4368500.0;0.0;262.29;-1.0;-3.34
6109;2020;58;37;34564816;46202078;166.68;166.68;277.5;3519500.0;0.0;197.79;0.0;0.0
6109;2021;68;45;43076755;56624623;196.15;196.15;325.94;4075000.0;0.0;236.15;0.0;0.0
6109;2022;76;51;53588753;71911138;214.04;214.04;317.01;5175000.0;0.0;260.16;0.0;0.0
6109;2023;41;30;37330035;52288715;109.5;109.5;163.97;;;;;
6109;2024;63;48;40893750;57798024;156.85;156.85;238.43;;;;;
6109;2025;51;38;33475477;45932382;130.8;130.8;196.0;;;;;
6110;2012;1;1;261378;345600;2.0;2.0;4.0;82000.0;0.0;2.0;0.0;0.0
6110;2013;4;4;845853;1136140;7.45;7.45;8.9;262000.0;0.0;19.45;0.0;0.0
6110;2014;2;2;238950;315945;3.0;3.0;3.0;;;;;
6110;2015;4;4;1301400;1720740;9.8;9.8;8.8;287000.0;0.0;29.51;0.0;0.0
6110;2016;3;3;2013981;2722421;8.0;8.0;11.0;230000.0;0.0;10.91;0.0;0.0
6110;2017;4;4;1998991;2816998;9.0;9.0;18.0;240000.0;0.0;12.0;0.0;0.0
6110;2018;2;2;1185225;1705345;5.5;5.5;11.0;120000.0;0.0;5.5;0.0;0.0
6110;2019;3;3;1064740;1526830;6.7;6.7;13.4;180000.0;0.0;6.7;0.0;0.0
6110;2020;2;2;400624;595928;4.9;4.9;4.9;120000.0;0.0;4.9;0.0;0.0
6111;2012;1;1;287485;394354;1.5;1.5;3.0;82000.0;0.0;1.5;0.0;0.0
6111;2013;3;3;2428965;3254466;6.04;6.04;16.52;216000.0;0.0;10.85;0.0;0.0
6111;2014;2;2;652500;881333;4.0;4.0;6.0;;;;;
6111;2018;2;1;529760;788018;3.5;3.5;3.5;120000.0;0.0;6.0;0.0;0.0
6111;2019;2;2;934400;1389920;7.0;7.0;11.0;120000.0;0.0;7.0;0.0;0.0
6112;2012;2;2;727196;871611;6.4;6.4;12.4;82000.0;0.0;6.08;1.0;17.89
6112;2013;1;1;312594;367758;6.0;6.0;6.0;60000.0;0.0;6.08;0.0;0.0
6112;2014;1;1;424800;531000;6.0;6.0;6.0;;;;;
6112;2015;1;1;2111400;2346000;6.0;6.0;12.0;120000.0;0.0;6.08;0.0;0.0
6112;2016;5;5;3789511;4485536;19.8;18.8;8.8;334000.0;0.0;26.78;0.0;0.0
6112;2017;4;4;2830968;3538710;13.6;13.6;25.4;218000.0;0.0;19.53;0.0;0.0
6112;2018;3;3;2610959;3283536;9.44;9.44;17.0;180000.0;0.0;11.77;0.0;0.0
6112;2019;1;1;1034100;1149000;6.0;6.0;12.0;60000.0;0.0;6.08;0.0;0.0
6112;2020;1;1;934560;1168200;6.0;6.0;6.0;60000.0;0.0;6.08;0.0;0.0
6112;2021;2;2;1814004;2398516;12.3;12.3;18.3;120000.0;0.0;12.78;0.0;0.0
6112;2022;2;2;2053817;2722364;12.0;12.0;21.0;150000.0;0.0;12.7;0.0;0.0
6112;2023;1;1;1643334;2133182;5.8;5.8;11.6;;;;;
6112;2024;2;2;2462670;3432106;9.1;9.1;14.7;;;;;
6112;2025;1;1;1578259;2149781;5.7;5.7;5.7;;;;;
6113;2012;40;32;32482566;40380319;218.4;218.4;310.64;3212000.0;0.0;303.47;-4.0;-10.36
6113;2013;117;94;104184051;139982299;609.58;609.58;1124.52;9455500.0;0.0;744.12;6.0;5.12
6113;2014;90;79;65984837;88632108;412.05;411.05;783.57;;;;;
6113;2015;116;104;103637310;137831380;537.47;537.47;1080.14;9789300.0;0.0;676.81;0.0;0.0
6113;2016;154;133;129956341;173747251;689.78;689.78;1105.83;10857750.0;0.0;930.33;0.0;0.0
6113;2017;159;124;158839139;217354843;718.94;718.94;1232.72;9441460.0;0.0;945.66;0.0;0.0
6113;2018;183;138;193991732;255000134;817.77;817.77;1292.16;11120400.0;0.0;1009.17;0.0;0.0
6113;2019;163;121;136997757;181053015;736.9;736.9;1164.56;9981700.0;0.0;868.41;-1.0;-0.52
6113;2020;134;98;100363937;133205514;574.06;574.06;771.1;7918200.0;0.0;641.37;0.0;0.0
6113;2021;110;85;70499628;92170339;447.75;447.75;608.72;6467990.0;0.0;543.48;0.0;0.0
6113;2022;64;51;46630329;58775685;271.31;271.31;389.0;4795000.0;0.0;429.09;0.0;0.0
6113;2023;16;13;17471307;21874377;70.68;70.68;90.62;;;;;
6113;2024;67;53;70181434;95174196;278.18;278.18;385.21;;;;;
6113;2025;36;28;40802015;54650873;161.95;161.95;209.18;;;;;
6114;2012;21;18;10110937;13128656;79.82;79.82;80.82;1742000.0;0.0;109.06;0.0;0.0
6114;2013;27;24;13284444;16991411;78.32;78.32;81.26;2108000.0;0.0;113.23;0.0;0.0
6114;2014;40;36;24591030;32188666;116.74;116.74;200.16;;;;;
6114;2015;65;60;31284371;40081608;177.75;177.75;248.97;4993000.0;0.0;210.85;0.0;0.0
6114;2016;109;94;52560225;67178837;292.63;292.63;341.86;7529300.0;0.0;339.44;0.0;0.0
6114;2017;125;107;62701926;82444867;336.08;336.08;438.14;7327900.0;0.0;386.37;0.0;0.0
6114;2018;134;114;74237910;97435882;387.1;387.1;466.73;7884900.0;0.0;428.93;-1.0;-0.32
6114;2019;130;110;45469082;58896616;365.91;365.91;439.81;6900300.0;0.0;415.08;0.0;0.0
6114;2020;136;115;51158125;65980793;383.51;383.51;429.63;7231500.0;0.0;454.94;0.0;0.0
6114;2021;135;116;46666174;60187541;365.35;365.35;383.0;6933900.0;0.0;430.29;0.0;0.0
6114;2022;107;88;57799198;77711408;324.95;324.95;348.3;6548250.0;0.0;374.71;0.0;0.0
6114;2023;80;68;58187110;79024842;250.38;250.38;312.62;;;;;
6114;2024;97;83;65146861;86964371;284.45;284.45;351.48;;;;;
6114;2025;92;77;59575769;78121217;263.82;263.82;327.15;;;;;
6115;2012;19;18;11664883;15030367;107.36;107.36;108.82;1341000.0;0.0;149.54;0.0;0.0
6115;2013;37;36;28498208;37406733;146.2;146.2;186.11;3317000.0;0.0;194.52;0.0;0.0
6115;2014;29;28;26035289;34528758;138.65;138.65;268.83;;;;;
6115;2015;27;26;25521911;33021864;128.72;128.72;227.89;2412000.0;0.0;158.9;0.0;0.0
6115;2016;29;28;26560322;34341536;139.74;139.74;253.85;2050000.0;0.0;182.95;0.0;0.0
6115;2017;27;25;28845127;42166932;134.67;134.67;248.34;1630000.0;0.0;174.5;0.0;0.0
6115;2018;33;30;37911324;51926589;171.83;171.83;278.95;2010000.0;0.0;209.85;0.0;0.0
6115;2019;28;26;25669888;34657344;143.03;143.03;237.97;1780000.0;0.0;183.04;-1.0;-0.58
6115;2020;25;23;19785813;26411559;112.95;112.95;168.17;1530000.0;0.0;149.07;0.0;0.0
6115;2021;28;25;23981455;31861260;131.57;131.57;210.31;1620000.0;0.0;168.16;1.0;0.63
6115;2022;25;23;27310096;37190738;123.8;123.8;172.61;1650000.0;0.0;151.73;0.0;0.0
6115;2023;16;16;24855281;35245016;82.2;82.2;144.77;;;;;
6115;2024;20;20;21642097;29514288;78.31;78.31;125.37;;;;;
6115;2025;16;16;14988645;21075702;57.42;57.42;93.68;;;;;
6116;2012;6;6;3211085;4245768;24.4;22.4;39.4;585000.0;0.0;74.92;-1.0;-15.5
6116;2013;7;7;4229357;5579286;24.31;24.31;33.55;510000.0;0.0;52.4;1.0;16.18
6116;2014;3;3;974250;1288175;9.0;9.0;12.0;;;;;
6116;2015;3;3;1235340;1633395;9.2;9.2;18.4;252000.0;0.0;20.69;0.0;0.0
6116;2016;5;5;2537719;3400048;12.7;12.7;21.2;350000.0;0.0;76.78;0.0;0.0
6116;2017;3;3;1499243;2034499;6.5;6.5;11.0;180000.0;0.0;56.09;0.0;0.0
6116;2018;1;1;242460;360659;3.0;3.0;3.0;120000.0;0.0;6.0;-1.0;-72.25
6116;2019;3;3;1262985;1850242;7.5;7.5;15.0;120000.0;0.0;33.0;1.0;99.93
6116;2021;1;1;262845;347540;1.5;1.5;3.0;60000.0;0.0;1.5;0.0;0.0
6116;2022;2;2;2312738;3057951;5.7;5.7;5.7;165000.0;0.0;5.7;0.0;0.0
6116;2024;1;1;527715;697756;1.8;1.8;3.6;;;;;
6116;2025;1;1;527715;697756;1.8;1.8;3.6;;;;;
6117;2012;140;122;97509212;119478259;606.49;594.73;852.66;10754500.0;0.0;727.21;-2.0;-1.76
6117;2013;184;143;122394972;159056041;846.95;846.95;1392.4;13404000.0;0.0;1028.7;2.0;1.34
6117;2014;163;127;101628193;137027024;739.57;739.57;1152.92;;;;;
6117;2015;166;138;143687435;190042508;808.48;808.26;1531.29;13658950.0;0.0;952.06;0.0;0.0
6117;2016;227;172;174305919;231049617;1040.6;1040.6;1471.79;15809312.0;0.0;1226.28;0.0;0.0
6117;2017;213;169;195686260;267817555;997.9;997.9;1638.54;12793530.0;0.0;1212.17;-2.0;-0.56
6117;2018;256;187;237492303;312495654;1096.37;1096.37;1835.86;15404740.0;0.0;1253.61;-1.0;-0.05
6117;2019;265;188;187653702;241747205;1136.07;1136.07;1816.46;15938100.0;0.0;1313.33;0.0;0.0
6117;2020;234;172;147385158;194867693;939.76;939.76;1255.26;13831850.0;0.0;1103.67;1.0;0.09
6117;2021;205;157;118865106;153464043;833.31;833.31;1201.91;12213800.0;0.0;1015.08;0.0;0.0
6117;2022;126;96;90217255;106746750;569.94;569.94;745.72;8817000.0;0.0;697.76;0.0;0.0
6117;2023;43;35;51943266;62561856;235.46;235.46;330.2;;;;;
6117;2024;129;111;140837996;185471203;601.62;601.62;825.94;;;;;
6117;2025;89;71;108505062;141386761;447.59;447.59;696.42;;;;;
6201;2012;28;26;39739330;51671134;76.49;76.49;110.45;2553800.0;0.0;261.3;3.0;18.28
6201;2013;30;28;44252122;57932448;81.72;81.72;145.23;3610000.0;30000.0;254.77;-3.0;-12.51
6201;2014;12;11;20776527;27471183;61.57;61.57;101.39;;;;;
6201;2015;66;56;42309153;55908958;169.06;166.86;289.84;5834000.0;0.0;472.06;1.0;1.31
6201;2016;38;37;23334015;30852748;109.41;109.41;173.42;3622000.0;0.0;384.51;0.0;0.0
6201;2017;22;20;25787356;34096614;86.38;86.38;152.72;1878000.0;0.0;193.16;-1.0;-1.1
6201;2018;33;31;21358341;28240466;120.09;120.09;141.5;2230000.0;0.0;247.59;0.0;0.0
6201;2019;37;35;28793708;38071678;137.2;137.2;74.93;2540000.0;0.0;303.6;0.0;0.0
6201;2020;1;1;691443;914241;2.03;2.03;2.03;70000.0;0.0;3.5;0.0;0.0
6201;2021;5;4;3936826;5205358;25.72;25.72;;310000.0;0.0;68.72;0.0;0.0
6201;2022;19;19;8276359;10214390;18.05;17.66;18.05;1330000.0;0.0;96.93;0.0;0.0
6201;2023;10;10;9120000;12018660;10.0;10.0;10.0;;;;;
6201;2025;1;1;363664;480844;1.31;1.31;;;;;;
6202;2012;57;46;102259453;135193545;320.63;321.08;432.87;4741100.0;0.0;1164.51;15.0;15.42
6202;2013;48;44;81794922;108250047;294.86;294.86;441.86;6333000.0;0.0;1148.57;-5.0;-8.03
6202;2014;39;36;40499748;53832144;150.48;150.48;250.09;;;;;
6202;2015;76;64;77065900;101759946;295.34;295.34;436.52;6760000.0;0.0;1186.86;0.0;0.0
6202;2016;49;43;60935655;80580447;317.94;317.94;533.64;4560000.0;0.0;1125.4;0.0;0.0
6202;2017;61;50;86790649;114727918;335.17;335.17;541.26;4974000.0;0.0;1562.22;0.0;0.0
6202;2018;53;42;45757478;60501553;258.62;258.62;520.55;3760000.0;0.0;1377.05;0.0;0.0
6202;2019;24;20;24574157;32492493;173.45;173.45;145.25;1770000.0;0.0;804.64;0.0;0.0
6202;2021;4;3;4143260;5478311;20.62;20.62;23.03;260000.0;0.0;23.01;0.0;0.0
6202;2022;22;22;10390608;11545112;20.39;20.39;20.39;1540000.0;0.0;179.38;0.0;0.0
6202;2023;10;10;8654777;9616418;9.12;9.12;9.12;;;;;
6202;2025;2;2;1457444;1927066;7.0;7.0;;;;;;
6203;2012;54;44;84627484;108545323;221.74;216.49;188.09;6080900.0;55000.0;1403.65;0.0;0.0
6203;2013;34;33;75892180;102205158;174.27;174.27;308.05;4280000.0;0.0;1065.47;-3.0;-11.76
6203;2014;38;35;56386170;74136868;163.09;163.09;234.14;;;;;
6203;2015;61;50;82992877;108957223;254.87;254.87;413.27;5916000.0;0.0;1862.2;0.0;0.0
6203;2016;40;39;48190393;63718531;172.79;172.79;275.13;4130000.0;0.0;1206.54;-2.0;-3.12
6203;2017;49;49;97657533;129124956;310.72;310.72;255.08;3776000.0;0.0;1539.51;-1.0;-2.3
6203;2018;51;51;65072480;86040227;246.6;246.6;195.06;4160000.0;0.0;1438.39;0.0;0.0
6203;2019;51;49;44802229;59238497;240.79;240.79;148.71;4130000.0;0.0;1386.54;0.0;0.0
6203;2020;17;17;18544902;24520480;96.23;96.23;9.41;1110000.0;0.0;493.38;0.0;0.0
6203;2021;18;18;22581850;29858223;81.67;72.92;59.46;1410000.0;0.0;480.39;0.0;0.0
6203;2022;4;4;1872283;2313921;6.0;6.0;0.5;295000.0;0.0;20.44;0.0;0.0
6203;2023;18;18;15376311;20330902;16.86;16.86;16.86;;;;;
6203;2025;1;1;728525;963533;1.0;1.0;;;;;;
6204;2012;66;48;133060080;175685749;325.4;325.4;397.7;6698700.0;0.0;1671.45;8.0;13.19
6204;2013;41;36;80199766;107913324;145.02;145.02;228.44;7490000.0;0.0;1070.89;-24.0;-34.69
6204;2014;43;39;67113644;88730204;160.92;160.92;278.17;;;;;
6204;2015;55;52;65734079;86914927;212.74;212.74;309.76;5448000.0;0.0;1413.34;0.0;0.0
6204;2016;38;36;56676358;74939100;208.54;208.54;373.24;4226000.0;0.0;1077.15;-1.0;-1.53
6204;2017;50;46;92349809;122106965;314.73;314.73;235.22;4194000.0;0.0;1320.65;-1.0;-0.78
6204;2018;39;37;51202006;67700387;203.42;203.42;239.4;3080000.0;0.0;1158.91;0.0;0.0
6204;2019;43;39;41015427;54231503;226.99;226.99;160.19;3430000.0;0.0;1109.25;0.0;0.0
6204;2020;16;16;16076181;25817667;83.99;83.99;18.43;1040000.0;0.0;294.49;0.0;0.0
6204;2021;11;10;15124335;19997731;69.98;69.98;30.84;660000.0;0.0;214.09;0.0;0.0
6204;2022;20;20;10994523;12740986;60.03;59.6;21.47;1420000.0;0.0;157.62;0.0;0.0
6204;2023;17;17;17572889;19999870;93.38;90.16;12.45;;;;;
6204;2024;7;7;14227541;18811855;83.31;83.31;14.97;;;;;
6204;2025;9;9;5460705;7220264;32.09;32.09;14.62;;;;;
6205;2012;9;9;11011876;13857423;20.62;20.62;14.2;897900.0;108000.0;118.03;0.0;0.0
6205;2013;7;7;6996725;9126864;16.2;16.2;31.8;840000.0;0.0;87.13;0.0;0.0
6205;2014;2;2;2904751;3840726;12.3;12.3;19.1;;;;;
6205;2015;6;6;9214532;12183747;34.18;34.18;45.38;576000.0;0.0;171.37;0.0;0.0
6205;2016;5;5;6213471;8215588;21.45;21.45;15.71;384000.0;0.0;97.88;0.0;0.0
6205;2017;6;6;8405911;11114482;19.89;19.89;24.36;466000.0;0.0;96.45;0.0;0.0
6205;2018;6;6;5225716;6909559;25.42;25.42;6.31;440000.0;0.0;69.88;0.0;0.0
6205;2019;5;5;6642707;8783135;15.42;15.42;11.56;350000.0;0.0;42.91;0.0;0.0
6205;2020;5;5;4803251;6930095;21.8;21.8;4.75;320000.0;0.0;115.51;0.0;0.0
6205;2021;5;4;3902006;5159320;10.36;10.36;9.8;360000.0;0.0;37.76;0.0;0.0
6205;2022;2;2;731852;967671;3.07;3.07;;150000.0;0.0;24.36;0.0;0.0
6205;2023;1;1;911999;1205866;1.0;1.0;1.0;;;;;
6205;2024;1;1;900297;1190393;1.0;1.0;1.0;;;;;
6205;2025;1;1;728525;963533;1.0;1.0;;;;;;
6206;2012;59;56;122142535;154015742;183.5;180.0;223.18;6570700.0;1424000.0;734.38;1.0;0.78
6206;2013;32;32;69559921;87457832;105.51;105.51;159.52;3802000.0;1074000.0;342.38;0.0;0.0
6206;2014;56;55;38843564;50898876;127.8;127.8;200.67;;;;;
6206;2015;60;57;46992040;62941298;156.76;156.76;255.08;6167000.0;1396000.0;707.33;0.0;0.0
6206;2016;41;41;32269643;43661322;134.62;134.62;173.51;3984000.0;1024000.0;720.36;0.0;0.0
6206;2017;63;63;69563894;94115612;167.66;167.66;170.56;5355000.0;1220000.0;885.38;-2.0;-3.73
6206;2018;36;36;35187069;47441233;125.89;125.89;205.68;2707000.0;1809000.0;488.83;-1.0;-1.83
6206;2019;39;39;37493853;51162211;124.52;124.52;144.48;3290090.0;1682060.0;630.1;0.0;0.0
6206;2020;67;67;21358324;28371360;63.98;63.78;62.95;4661500.0;540000.0;740.29;0.0;0.0
6206;2021;4;4;2453968;3284613;11.44;11.34;0.81;270000.0;0.0;36.63;0.0;0.0
6206;2022;45;45;17105579;22707065;36.2;36.2;36.2;3136500.0;0.0;233.19;0.0;0.0
6206;2023;30;30;19672021;26318925;21.02;21.02;21.02;;;;;
6301;2012;31;30;30483367;38898095;186.95;186.95;380.6;2555000.0;0.0;227.04;0.0;-2.55
6301;2013;35;33;30739176;43866554;165.87;165.87;379.01;2802000.0;0.0;248.78;0.0;2.31
6301;2014;22;20;18701528;26259111;107.64;107.64;215.07;;;;;
6301;2015;21;18;20610272;28133760;115.96;115.96;261.26;1644000.0;0.0;139.16;1.0;4.39
6301;2016;24;23;28006659;36646573;149.17;149.17;278.36;1780000.0;0.0;196.41;0.0;0.0
6301;2017;22;20;17955086;23031847;118.51;118.51;208.37;1330000.0;0.0;186.37;0.0;0.0
6301;2018;24;18;22052196;27588551;112.74;112.74;238.86;1470000.0;0.0;175.47;0.0;0.63
6301;2019;24;20;20998392;26307223;100.82;100.82;181.56;1520000.0;0.0;156.77;0.0;0.0
6301;2020;18;16;13706933;17335018;79.32;79.32;141.96;1130000.0;0.0;127.29;0.0;0.0
6301;2021;12;11;9148430;11690665;62.65;62.65;120.09;690000.0;0.0;96.33;0.0;0.0
6301;2022;19;18;13791129;17567070;71.64;71.64;111.83;1495000.0;0.0;121.62;0.0;0.0
6301;2023;1;1;796684;990000;3.0;3.0;6.0;;;;;
6301;2024;14;12;11063367;15556895;56.39;56.39;90.02;;;;;
6301;2025;7;6;5528239;7558213;25.68;25.68;48.36;;;;;
6302;2012;83;69;77399100;92050567;639.11;639.11;791.52;5492000.0;0.0;497.96;6.0;24.02
6302;2013;104;86;88285084;102348612;602.7;602.7;1043.24;7396000.0;0.0;1013.79;-1.0;-1.17
6302;2014;99;85;86717054;103901875;561.82;561.82;1042.37;;;;;
6302;2015;83;71;75807319;84550680;429.89;429.89;860.14;6196000.0;0.0;582.33;1.0;1.12
6302;2016;105;86;94647353;105900938;516.75;516.75;976.36;6869000.0;0.0;641.5;-5.0;-4.45
6302;2017;125;99;126709863;141015543;515.87;513.02;1117.39;7036000.0;0.0;787.88;0.0;-1.07
6302;2018;123;96;152607956;171842101;644.72;644.72;1525.97;6860000.0;0.0;769.13;-4.0;-1.17
6302;2019;130;98;132728543;148016431;740.77;740.77;1173.57;7050000.0;0.0;854.69;3.0;1.04
6302;2020;121;101;118797493;133102318;614.95;614.95;1126.62;6680000.0;0.0;756.9;0.0;0.0
6302;2021;130;96;112965652;127277368;620.98;620.98;1026.54;7100000.0;0.0;787.24;1.0;1.06
6302;2022;145;117;120819281;134722139;631.12;630.77;1438.52;10020000.0;0.0;996.25;0.0;0.0
6302;2023;51;41;50717717;56589437;205.63;205.63;323.57;;;;;
6302;2024;115;90;130574434;169033425;568.13;564.13;781.66;;;;;
6302;2025;96;77;128134409;152365112;478.87;478.87;821.16;;;;;
6303;2012;267;246;238790317;278872301;1461.45;1453.45;2862.33;22051600.0;0.0;1842.57;-11.0;-3.16
6303;2013;277;237;205436376;251588636;1510.08;1510.08;2283.26;22733000.0;0.0;1758.95;8.0;2.83
6303;2014;169;153;155700171;180377999;846.36;846.36;1689.31;;;;;
6303;2015;230;198;204002084;240291669;1236.73;1236.53;2233.85;18761700.0;0.0;1350.53;18.0;8.22
6303;2016;258;219;218878248;259544215;1314.25;1314.25;2126.48;18271250.0;0.0;1647.03;-2.0;-0.69
6303;2017;245;201;239263420;276763207;1220.25;1220.25;1987.92;14895000.0;0.0;1506.11;-3.0;-1.01
6303;2018;251;212;253085223;291528133;1240.44;1240.44;1951.04;15350000.0;0.0;1543.38;-3.0;-0.81
6303;2019;237;195;169001484;197597811;1014.2;1014.2;1635.72;14370000.0;0.0;1276.27;0.0;0.0
6303;2020;196;156;106933747;135087292;806.69;806.69;1233.59;11758000.0;0.0;989.25;0.0;0.0
6303;2021;165;126;84290353;106882991;635.2;635.2;1065.66;9790000.0;0.0;778.74;0.0;0.0
6303;2022;155;125;96208002;118427767;620.8;620.8;1001.35;11519000.0;0.0;735.77;0.0;0.0
6303;2023;13;13;16265902;21450027;74.15;74.15;139.06;;;;;
6303;2024;163;128;139487181;189826960;591.06;591.06;1075.64;;;;;
6303;2025;100;79;87152541;116427452;334.74;334.74;636.33;;;;;
6304;2012;40;37;58982539;78234771;182.92;173.92;225.24;4290900.0;214000.0;557.15;-1.0;-2.14
6304;2013;47;41;54612396;71685720;224.97;224.97;327.66;4810000.0;60000.0;671.64;1.0;2.42
6304;2014;65;57;64183272;79787649;233.85;233.85;442.84;;;;;
6304;2015;90;75;66312677;86614420;263.08;263.08;358.47;7418000.0;60000.0;1150.0;0.0;0.0
6304;2016;47;45;42121593;54791017;260.39;260.39;282.81;3759000.0;0.0;915.0;0.0;0.0
6304;2017;66;63;85023834;112264262;205.52;205.52;182.6;4380000.0;0.0;746.59;-2.0;-3.69
6304;2018;25;25;26070379;32823059;143.51;143.51;158.0;1686000.0;0.0;425.8;-1.0;-4.61
6304;2019;48;43;41035738;52801304;248.99;248.99;162.56;3322000.0;0.0;554.68;1.0;3.16
6304;2020;56;55;26369585;34418491;140.29;139.95;101.59;3830000.0;0.0;507.43;0.0;0.0
6304;2021;11;11;9153301;11781499;55.87;53.87;43.8;780000.0;0.0;202.02;0.0;0.0
6304;2022;41;37;17729187;23426928;51.45;50.52;45.85;2880000.0;0.0;415.73;0.0;0.0
6304;2023;33;32;15384462;20341641;56.54;56.54;82.54;;;;;
6304;2024;15;14;8945991;12139378;37.14;37.14;41.14;;;;;
6304;2025;15;13;11357428;16142062;47.1;47.1;68.0;;;;;
6305;2012;5;5;2488068;3094639;32.5;32.5;33.5;405000.0;0.0;55.23;-2.0;-41.23
6305;2013;14;13;11560367;14834057;72.09;72.09;158.57;1058000.0;0.0;86.16;2.0;17.79
6305;2014;9;8;6195420;8675000;47.0;47.0;96.9;;;;;
6305;2015;18;16;15294552;19445078;75.77;75.77;171.17;1692000.0;0.0;109.0;0.0;0.0
6305;2016;26;22;18477608;23109543;123.99;123.99;235.17;1860000.0;0.0;178.63;0.0;0.0
6305;2017;25;21;18888875;23714411;124.26;124.26;244.52;1440060.0;0.0;148.23;0.0;0.0
6305;2018;34;27;28530106;35339520;146.88;146.88;300.12;2060000.0;0.0;185.24;0.0;0.0
6305;2019;25;20;15735947;19380858;105.36;105.36;200.2;1470000.0;0.0;120.72;0.0;0.0
6305;2020;18;14;7979235;10128063;60.58;60.58;100.97;1065000.0;0.0;77.73;0.0;0.0
6305;2021;21;17;12109957;14764878;75.55;75.55;131.4;1260000.0;0.0;95.58;0.0;0.0
6305;2022;14;12;10520132;13331252;62.14;62.14;88.41;1080000.0;0.0;80.42;0.0;0.0
6305;2023;5;3;4177921;5342341;17.26;17.26;31.72;;;;;
6305;2024;14;11;12309737;16127000;57.68;57.68;107.14;;;;;
6305;2025;7;5;7857470;10360292;38.15;38.15;69.11;;;;;
6306;2012;188;155;174274899;200350798;1028.67;1017.17;2082.69;11760300.0;0.0;1276.85;-7.0;-1.54
6306;2013;196;152;175911628;199907265;1101.0;1101.0;2067.61;10226000.0;0.0;1365.65;8.0;3.29
6306;2014;151;132;130016722;153709147;831.9;831.9;1666.1;;;;;
6306;2015;170;143;184981046;206202231;886.56;886.56;2187.41;9813070.0;0.0;1040.41;-3.0;-1.25
6306;2016;177;150;167449235;186491896;909.75;909.75;1643.46;8478000.0;0.0;1124.64;-6.0;-2.12
6306;2017;202;164;243306463;272956117;1003.78;1003.78;2249.06;9340000.0;0.0;1308.63;-4.0;-1.18
6306;2018;226;172;296678483;332586701;1133.28;1133.28;2849.55;10850000.0;0.0;1394.56;-3.0;0.78
6306;2019;208;162;203507760;228844400;1018.51;1018.51;1785.57;8910000.0;0.0;1246.83;5.0;0.84
6306;2020;177;143;156230425;176378122;852.5;852.5;1436.97;7230000.0;0.0;1031.09;-1.0;-0.33
6306;2021;171;133;148941057;167192632;822.21;822.21;1403.8;7725000.0;0.0;978.99;0.0;0.0
6306;2022;180;142;149144497;167690117;832.21;832.21;1310.86;9135000.0;0.0;1044.97;0.0;0.0
6306;2023;81;67;115140546;130147815;417.65;417.65;753.17;;;;;
6306;2024;133;107;160126713;193612194;640.96;640.26;1049.95;;;;;
6306;2025;117;97;155744506;179503127;570.69;570.69;979.79;;;;;
6307;2012;55;50;58415609;69017248;321.37;321.37;645.7;4177800.0;0.0;425.14;3.0;2.87
6307;2013;66;58;82616780;96621532;427.2;427.2;861.2;4991000.0;0.0;717.42;0.0;-2.17
6307;2014;40;37;47553165;55886595;260.2;260.2;517.3;;;;;
6307;2015;67;58;86207679;98681619;389.3;389.3;1015.89;4362000.0;0.0;586.29;8.0;4.28
6307;2016;63;55;87414417;99724598;435.77;435.77;773.29;3984000.0;0.0;573.37;-1.0;-1.11
6307;2017;63;58;102445501;4811143557;427.21;427.21;855.17;3550000.0;0.0;652.19;-1.0;-0.2
6307;2018;66;56;108296494;120631430;417.52;417.52;1039.34;3264000.0;0.0;651.76;1.0;0.91
6307;2019;73;62;90985357;101785823;463.29;458.81;775.12;3830000.0;0.0;692.29;0.0;0.0
6307;2020;61;53;63391706;71207615;336.81;336.81;564.57;2955000.0;0.0;515.87;0.0;0.0
6307;2021;54;46;62439967;69951807;322.58;322.58;567.31;2800000.0;0.0;473.28;0.0;0.0
6307;2022;50;41;55986266;62533019;283.81;283.81;480.12;2745000.0;0.0;416.83;0.0;0.0
6307;2023;22;19;37605007;41843039;134.65;134.65;255.1;;;;;
6307;2024;44;37;60205412;73973544;246.05;246.05;397.75;;;;;
6307;2025;30;26;51148015;60586636;147.86;147.1;271.25;;;;;
6308;2012;26;25;18490344;23632484;124.32;124.32;224.72;2698000.0;0.0;278.0;-13.0;-40.37
6308;2013;52;40;37397615;48633706;229.99;229.99;480.02;3078000.0;0.0;236.85;13.0;50.32
6308;2014;19;18;10424664;13234395;85.49;85.49;156.58;;;;;
6308;2015;21;21;10556308;13368725;66.66;66.66;140.03;1511000.0;0.0;102.91;1.0;10.89
6308;2016;52;45;29977579;38090641;198.2;198.2;344.56;3840000.0;0.0;302.63;-4.0;-7.61
6308;2017;55;46;36598854;46270565;178.06;178.06;361.21;3129000.0;0.0;254.75;0.0;0.0
6308;2018;48;40;35220239;44052903;179.6;179.6;344.65;2810000.0;0.0;264.17;-1.0;-0.91
6308;2019;37;31;22028379;27153856;148.0;148.0;264.55;2186000.0;0.0;195.78;0.0;0.0
6308;2020;27;23;17170650;20464673;96.92;96.92;178.65;1618000.0;0.0;121.5;0.0;0.0
6308;2021;20;18;11876656;14394986;76.11;76.11;136.52;1200000.0;0.0;107.56;0.0;0.0
6308;2022;17;16;11292868;13029014;59.36;59.36;82.89;1110000.0;0.0;76.0;0.0;0.0
6308;2023;12;12;10442074;11872584;40.9;40.9;71.9;;;;;
6308;2024;16;15;15817994;19081860;65.51;65.51;114.79;;;;;
6308;2025;9;8;10787931;12897240;38.7;38.7;68.8;;;;;
6309;2012;37;32;80904963;103989981;188.42;179.42;256.34;3990900.0;158000.0;1094.81;2.0;2.78
6309;2013;34;31;67857646;88786540;147.64;147.64;287.02;4039000.0;60000.0;1435.98;0.0;0.0
6309;2014;40;39;39146382;50353189;97.07;97.07;178.14;;;;;
6309;2015;50;50;55796623;72577323;193.6;193.6;243.91;5089000.0;60000.0;1615.98;0.0;0.0
6309;2016;24;23;25775656;33224372;109.05;109.05;117.32;2392000.0;180000.0;869.86;0.0;0.0
6309;2017;44;42;63967686;81662965;229.65;229.65;183.11;3036000.0;0.0;1177.0;0.0;0.0
6309;2018;25;23;39047706;50183415;124.5;124.5;214.37;2010000.0;0.0;1142.78;0.0;0.0
6309;2019;26;26;20780423;26312790;104.87;104.87;156.01;1990000.0;60000.0;655.41;0.0;0.0
6309;2020;18;17;8570623;10277600;51.8;51.0;60.5;1220000.0;0.0;211.75;0.0;0.0
6309;2021;16;16;8177449;10313280;52.38;52.38;71.34;1100000.0;0.0;238.35;0.0;0.0
6309;2022;21;21;13627066;16785365;61.21;59.21;87.6;1480000.0;0.0;221.3;0.0;0.0
6309;2023;16;14;6457256;9036040;47.78;47.71;32.56;;;;;
6309;2024;14;12;7815111;10941152;53.58;53.58;77.11;;;;;
6309;2025;17;14;11449995;15812447;66.67;66.67;90.32;;;;;
6310;2012;67;59;57871108;67321490;326.96;326.76;578.37;4766000.0;0.0;555.2;-2.0;-4.65
6310;2013;72;56;79076107;90243451;414.55;414.55;859.77;5383000.0;0.0;497.97;2.0;3.7
6310;2014;70;58;68749276;81750466;406.5;406.5;874.6;;;;;
6310;2015;84;72;84611023;94685118;423.69;423.69;929.07;6358000.0;0.0;857.02;-1.0;-0.56
6310;2016;85;68;75729567;84654667;418.94;418.94;794.39;5224000.0;0.0;572.02;-5.0;-6.74
6310;2017;90;70;110792964;123547038;462.06;462.06;1008.52;4444000.0;0.0;573.53;1.0;-0.31
6310;2018;106;79;135544952;150870318;560.63;560.63;1305.65;5350000.0;0.0;623.8;2.0;2.78
6310;2019;108;82;110294671;122926862;556.14;556.14;989.28;5790000.0;0.0;665.41;0.0;0.0
6310;2020;77;59;68297892;76860013;359.88;357.88;646.94;4140000.0;0.0;496.34;-1.0;-0.83
6310;2021;77;57;71819681;80073457;390.36;390.36;666.74;4080000.0;0.0;478.74;1.0;0.81
6310;2022;75;56;71699375;79983001;376.76;376.76;595.84;4665000.0;0.0;483.67;0.0;0.0
6310;2023;30;23;55253146;61392376;191.05;191.05;332.0;;;;;
6310;2024;67;53;79700985;98203830;325.28;325.28;540.06;;;;;
6310;2025;52;43;65803443;76873461;234.95;234.95;410.63;;;;;
