id_comuna;anio;planes_oficial;incentivo_oficial;inversion_oficial;ha_ejecutada_oficial;ases_formulacion;ases_ejecucion;supagr_predios
6101;2012;16;12633326;16704059;91.7;1036000;0;111.94
6101;2013;19;10187466;13510608;107.8;1292000;0;125.62
6101;2014;18;10392732;13805956;104.88;1152000;0;120.46
6101;2015;20;18980762;24996186;105.21;1656000;0;130.61
6101;2016;19;18291663;26606101;98.78;1350000;0;136.62
6101;2017;20;24314071;34493170;114.23;1200000;0;133.91
6101;2018;21;24217543;35683233;120.53;1260000;0;136.36
6101;2019;16;16120345;23687427;95.1;960000;0;107.1
6101;2020;8;5371092;7830093;28.21;490000;0;35.28
6101;2021;6;3419321;4953597;21.38;360000;0;21.38
6101;2022;6;4160204;5500715;20.8;450000;0;20.8
6101;2024;8;9967952;13180558;34.0;640000;0;36.42
6101;2025;5;3705408;5058734;13.05;400000;0;15.51
6102;2012;2;233550;308805;3.0;96000;0;3.53
6102;2013;2;243826;322392;3.0;96000;0;3.2
6102;2014;2;238950;315945;3.0;95000;0;3.53
6102;2015;1;108450;143395;1.0;50000;0;1.39
6102;2016;4;1698684;2305531;6.7;280000;0;8.73
6102;2017;3;749880;1026286;4.7;180000;0;5.09
6102;2018;5;1426410;2121786;8.2;300000;0;8.2
6102;2020;2;428312;637115;3.7;120000;0;3.7
6102;2022;1;64004;78240;0.32;32000;0;0.4
6103;2012;9;5391366;7186175;29.09;656000;0;29.46
6103;2013;9;4892127;6542779;31.91;722000;0;34.79
6103;2014;10;5531594;7379745;33.41;840000;0;38.46
6103;2015;9;6661653;8766382;25.2;900000;0;25.6
6103;2016;14;8931309;12335395;45.07;980000;0;55.64
6103;2017;18;13472702;18231231;62.2;1080000;0;77.38
6103;2018;21;13998608;18947321;61.94;1260000;0;71.84
6103;2019;26;14044747;19097473;81.33;1530000;0;97.49
6103;2020;26;15012586;20864324;70.79;1570000;0;104.19
6103;2021;23;15824449;21353993;74.86;1380000;0;89.83
6103;2022;12;10815687;14477529;46.29;915000;0;56.84
6103;2023;7;6312677;8754178;20.68;525000;0;27.37
6103;2024;14;10545884;14283974;37.52;1120000;0;50.29
6103;2025;11;10427187;14389363;33.94;880000;0;50.49
6104;2012;82;36933088;49962736;235.73;6261000;0;274.36
6104;2013;117;47723762;64424993;287.67;9221000;0;317.11
6104;2014;118;50380347;73710943;288.35;8514000;0;331.61
6104;2015;83;45163042;59709606;218.84;7568000;0;220.23
6104;2016;114;53170166;74501914;280.92;7708000;0;323.42
6104;2017;108;61561970;84607061;278.62;6395000;0;310.07
6104;2018;100;51207640;75117633;250.04;5905000;0;261.33
6104;2019;97;36180959;52337182;233.49;5634000;0;234.49
6104;2020;80;29735518;42302756;183.3;4664000;0;209.12
6104;2021;64;22747314;31999753;147.24;3714000;0;151.25
6104;2022;49;23220312;30702401;119.22;3555000;0;123.7
6104;2023;15;10658042;14034531;37.11;1125000;0;40.61
6104;2024;36;26027717;34416360;93.67;2858000;0;105.6
6104;2025;31;20091908;27649226;71.58;2463000;0;95.95
6105;2012;23;7966714;10681583;49.77;1824000;0;60.82
6105;2013;24;8649991;11629063;43.36;1840000;0;50.74
6105;2014;20;6069427;8193371;33.85;1471000;0;38.36
6105;2015;12;3717172;4898995;20.56;953000;0;22.24
6105;2016;23;9345381;12877219;48.0;1572000;0;51.82
6105;2017;18;8144894;10892468;35.01;1057000;0;36.48
6105;2018;12;4857336;7212769;23.15;697000;0;23.15
6105;2019;15;4069558;5898974;28.68;821000;0;28.68
6105;2020;14;2710889;3635888;20.78;752500;0;24.48
6105;2021;15;2259501;3006421;17.67;840000;0;17.7
6105;2022;8;1606226;2123787;11.15;566000;0;11.15
6105;2023;3;856797;1132874;3.7;225000;0;3.7
6105;2024;3;955675;1263714;3.6;227000;0;3.9
6105;2025;2;1114065;1473041;3.8;160000;0;9.41
6106;2012;11;5445919;7188814;69.8;638000;0;82.04
6106;2013;9;6064926;8199211;54.0;524000;0;69.36
6106;2014;10;4148550;5485305;51.0;600000;0;71.49
6106;2015;9;9597375;12689863;51.5;756000;0;68.09
6106;2016;9;10213865;14992582;56.0;630000;0;68.09
6106;2017;13;15472448;21050705;67.5;770000;0;82.13
6106;2018;10;11993940;17840985;57.0;600000;0;62.7
6106;2019;8;8844739;13157627;49.5;490000;0;50.5
6106;2020;2;876080;1303169;8.0;120000;0;14.0
6106;2022;2;2260111;2988367;11.3;150000;0;11.3
6106;2024;2;1812443;2396452;6.3;160000;0;6.83
6106;2025;2;1847003;2442148;6.3;160000;0;6.83
6107;2012;108;66591100;80455450;550.44;6564600;0;664.0
6107;2013;161;96799180;115724071;814.36;11442000;0;1129.0
6107;2014;137;82735032;98153468;674.52;9826000;0;943.47
6107;2015;110;145913572;163283000;545.43;10580070;0;695.46
6107;2016;139;121162563;151698990;630.65;9020564;0;822.81
6107;2017;145;150736793;186363314;680.74;8461000;0;828.21
6107;2018;179;197583393;247135048;807.87;10220000;0;960.67
6107;2019;175;137063135;156579439;712.04;10207000;0;896.67
6107;2020;105;75047105;89720509;466.61;6000000;0;563.0
6107;2021;111;77069036;101765390;451.01;6642500;0;593.19
6107;2022;99;83808196;109430623;423.52;7300000;0;558.85
6107;2023;36;39907084;52407855;136.82;2745000;0;236.16
6107;2024;87;102113808;138828971;367.52;6896500;0;470.78
6107;2025;51;65225524;86765356;224.82;4090000;0;283.19
6108;2012;2;3062063;4048728;7.4;199000;0;10.4
6108;2013;1;587826;777235;5.4;84000;0;5.4
6108;2014;1;417150;550970;3.0;60000;0;3.0
6108;2015;2;1876500;2481150;10.0;168000;0;11.44
6108;2016;1;539940;803160;3.0;70000;0;3.0
6108;2017;1;1767528;2629197;8.4;60000;0;8.4
6108;2020;1;1090320;1621851;7.0;60000;0;7.0
6109;2012;36;18040897;23415645;111.43;2786000;0;149.24
6109;2013;48;30394942;39404649;147.95;4292000;0;186.05
6109;2014;49;33094643;43998130;163.24;3746000;0;208.71
6109;2015;47;34770145;46969204;170.85;4056000;0;205.93
6109;2016;65;43797452;56304506;196.58;4690000;0;244.12
6109;2017;65;48371054;71018268;226.17;3900000;0;261.25
6109;2018;69;53116005;72413683;237.54;4180000;0;267.58
6109;2019;71;40985561;54506162;216.41;4308500;0;250.29
6109;2020;58;34564816;46202078;166.68;3519500;0;197.79
6109;2021;68;43076755;56624623;196.15;4075000;0;236.15
6109;2022;76;53588753;71911138;214.04;5175000;0;260.16
6109;2023;41;37330035;52288715;109.5;3135000;0;137.98
6109;2024;63;40893750;57798024;156.85;5045000;0;189.98
6109;2025;51;33475477;45932382;130.8;4011500;0;156.9
6110;2012;1;261378;345600;2.0;82000;0;2.0
6110;2013;4;845853;1136140;7.45;262000;0;19.45
6110;2014;2;238950;315945;3.0;95000;0;4.01
6110;2015;4;1301400;1720740;9.8;287000;0;29.51
6110;2016;3;2013981;2722421;8.0;230000;0;10.91
6110;2017;4;1998991;2816998;9.0;240000;0;12.0
6110;2018;2;1185225;1705345;5.5;120000;0;5.5
6110;2019;3;1064740;1526830;6.7;180000;0;6.7
6110;2020;2;400624;595928;4.9;120000;0;4.9
6111;2012;1;287485;394354;1.5;82000;0;1.5
6111;2013;3;2428965;3254466;6.04;216000;0;10.85
6111;2014;2;652500;881333;4.0;168000;0;10.5
6111;2018;2;529760;788018;3.5;120000;0;6.0
6111;2019;2;934400;1389920;7.0;120000;0;7.0
6112;2012;2;727196;871611;6.4;112000;0;6.48
6112;2013;1;312594;367758;6.0;60000;0;6.08
6112;2014;1;424800;531000;6.0;60000;0;6.08
6112;2015;1;2111400;2346000;6.0;120000;0;6.08
6112;2016;5;3789511;4485536;18.8;334000;0;26.78
6112;2017;4;2830968;3538710;13.6;218000;0;19.53
6112;2018;3;2610959;3283536;9.44;180000;0;11.77
6112;2019;1;1034100;1149000;6.0;60000;0;6.08
6112;2020;1;934560;1168200;6.0;60000;0;6.08
6112;2021;2;1814004;2398516;12.3;120000;0;12.78
6112;2022;2;2053817;2722364;12.0;150000;0;12.7
6112;2023;1;1643334;2133182;5.8;75000;0;6.0
6112;2024;2;2462670;3432106;9.1;160000;0;11.0
6112;2025;1;1578259;2149781;5.7;80000;0;6.06
6113;2012;39;32102375;39905080;212.9;2814000;0;264.57
6113;2013;117;104184051;139982299;609.58;9923500;0;792.02
6113;2014;90;65984837;88632108;411.05;6605500;0;531.88
6113;2015;116;103637310;137831380;537.47;9789300;0;676.81
6113;2016;154;129956341;173747251;689.78;10857750;0;930.33
6113;2017;159;158839139;217354843;718.94;9441460;0;945.66
6113;2018;183;193991732;255000134;817.77;11120400;0;1009.17
6113;2019;163;136997757;181053015;736.9;9921700;0;865.41
6113;2020;134;100363937;133205514;574.06;7918200;0;641.37
6113;2021;110;70499628;92170339;447.75;6467990;0;543.48
6113;2022;64;46630329;58775685;271.31;4795000;0;429.09
6113;2023;16;17471307;21874377;70.68;1200000;0;98.54
6113;2024;67;70181434;95174196;278.18;5390000;0;405.13
6113;2025;36;40802015;54650873;161.95;2890000;0;205.06
6114;2012;21;10110937;13128656;79.82;1742000;0;109.06
6114;2013;27;13284444;16991411;78.32;2108000;0;113.23
6114;2014;40;24591030;32188666;116.74;3138600;0;155.14
6114;2015;65;31284371;40081608;177.75;4993000;0;210.85
6114;2016;109;52560225;67178837;292.63;7529300;0;339.44
6114;2017;125;62701926;82444867;336.08;7327900;0;386.37
6114;2018;134;74237910;97435882;387.1;7824900;0;427.93
6114;2019;130;45469082;58896616;365.91;6900300;0;415.08
6114;2020;136;51158125;65980793;383.51;7231500;0;454.94
6114;2021;135;46666174;60187541;365.35;6933900;0;430.29
6114;2022;107;57799198;77711408;324.95;6548250;0;374.71
6114;2023;80;58187110;79024842;250.38;5770100;0;281.71
6114;2024;97;65146861;86964371;284.45;7320850;0;329.35
6114;2025;92;59575769;78121217;263.82;6875750;0;306.43
6115;2012;19;11664883;15030367;107.36;1341000;0;149.54
6115;2013;37;28498208;37406733;146.2;3317000;0;194.52
6115;2014;29;26035289;34528758;138.65;2045000;0;184.67
6115;2015;27;25521911;33021864;128.72;2412000;0;158.9
6115;2016;29;26560322;34341536;139.74;2050000;0;182.95
6115;2017;27;28845127;42166932;134.67;1630000;0;174.5
6115;2018;33;37911324;51926589;171.83;2010000;0;209.85
6115;2019;28;25669888;34657344;143.03;1720000;0;177.04
6115;2020;25;19785813;26411559;112.95;1530000;0;149.07
6115;2021;28;23981455;31861260;131.57;1680000;0;174.16
6115;2022;25;27310096;37190738;123.8;1650000;0;151.73
6115;2023;16;24855281;35245016;82.2;1215000;0;100.26
6115;2024;20;21642097;29514288;78.31;1600000;0;96.24
6115;2025;16;14988645;21075702;57.42;1280000;0;67.94
6116;2012;6;3211085;4245768;22.4;503000;0;69.92
6116;2013;7;4229357;5579286;24.31;592000;0;57.4
6116;2014;3;974250;1288175;9.0;204000;0;29.91
6116;2015;3;1235340;1633395;9.2;252000;0;20.69
6116;2016;5;2537719;3400048;12.7;350000;0;76.78
6116;2017;3;1499243;2034499;6.5;180000;0;56.09
6116;2018;1;242460;360659;3.0;60000;0;3.0
6116;2019;3;1262985;1850242;7.5;180000;0;36.0
6116;2021;1;262845;347540;1.5;60000;0;1.5
6116;2022;2;2312738;3057951;5.7;165000;0;5.7
6116;2024;1;527715;697756;1.8;80000;0;2.5
6116;2025;1;527715;697756;1.8;80000;0;2.5
6117;2012;140;97509212;119478259;594.73;10590500;0;714.89
6117;2013;184;122394972;159056041;846.95;13563000;0;1038.13
6117;2014;163;101628193;137027024;739.57;11236900;0;866.32
6117;2015;166;143687435;190042508;808.26;13658950;0;952.06
6117;2016;227;174305919;231049617;1040.6;15809312;0;1226.28
6117;2017;213;195686260;267817555;997.9;12673530;0;1200.74
6117;2018;256;237492303;312495654;1096.37;15344740;0;1252.91
6117;2019;265;187653702;241747205;1136.07;15938100;0;1313.33
6117;2020;234;147385158;194867693;939.76;13891850;0;1104.37
6117;2021;205;118865106;153464043;833.31;12213800;0;1015.08
6117;2022;126;90217255;106746750;569.94;8817000;0;697.76
6117;2023;43;51943266;62561856;235.46;3225000;0;284.09
6117;2024;129;140837996;185471203;601.62;10325000;0;740.71
6117;2025;89;108505062;141386761;447.59;7129000;0;540.09
6201;2012;28;39739330;51671134;76.49;2858600;0;310.9
6201;2013;30;44252122;57932448;81.72;3168000;0;234.92
6201;2014;12;20776527;27471183;61.57;1260000;30000;188.96
6201;2015;66;42309153;55908958;166.86;5954000;0;474.91
6201;2016;38;23334015;30852748;109.41;3622000;0;384.51
6201;2017;22;25787356;34096614;86.38;1794000;0;190.02
6201;2018;33;21358341;28240466;120.09;2230000;0;247.59
6201;2019;37;28793708;38071678;137.2;2540000;0;303.6
6201;2020;1;691443;914241;2.03;70000;0;3.5
6201;2021;5;3936826;5205358;25.72;310000;0;68.72
6201;2022;19;8276359;10214390;17.66;1330000;0;96.93
6201;2023;10;9120000;12018660;10.0;700000;0;80.51
6201;2025;1;363664;480844;1.31;80000;0;6.33
6202;2012;57;102259453;135193545;321.08;6298100;0;1418.85
6202;2013;48;81794922;108250047;294.86;5733000;0;889.03
6202;2014;39;40499748;53832144;150.48;3654000;0;833.12
6202;2015;76;77065900;101759946;295.34;6760000;0;1186.86
6202;2016;49;60935655;80580447;317.94;4560000;0;1125.4
6202;2017;61;86790649;114727918;335.17;4974000;0;1562.22
6202;2018;53;45757478;60501553;258.62;3760000;0;1377.05
6202;2019;24;24574157;32492493;173.45;1770000;0;804.64
6202;2021;4;4143260;5478311;20.62;260000;0;23.01
6202;2022;22;10390608;11545112;20.39;1540000;0;179.38
6202;2023;10;8654777;9616418;9.12;700000;0;54.26
6202;2025;2;1457444;1927066;7.0;160000;0;95.0
6203;2012;54;84627484;108545323;216.49;6080900;55000;1403.65
6203;2013;34;75892180;102205158;174.27;3920000;0;1037.4
6203;2014;38;56386170;74136868;163.09;3960000;0;1077.34
6203;2015;61;82992877;108957223;254.87;5916000;0;1862.2
6203;2016;40;48190393;63718531;172.79;3940000;0;1194.04
6203;2017;49;97657533;129124956;310.72;3692000;0;1507.51
6203;2018;51;65072480;86040227;246.6;4160000;0;1438.39
6203;2019;51;44802229;59238497;240.79;4130000;0;1386.54
6203;2020;17;18544902;24520480;96.23;1110000;0;493.38
6203;2021;18;22581850;29858223;72.92;1410000;0;480.39
6203;2022;4;1872283;2313921;6.0;295000;0;20.44
6203;2023;18;15376311;20330902;16.86;1190000;0;269.51
6203;2025;1;728525;963533;1.0;80000;0;10.83
6204;2012;66;133060080;175685749;325.4;7601900;0;2000.24
6204;2013;41;80199766;107913324;145.02;4610000;0;514.45
6204;2014;43;67113644;88730204;160.92;4872000;0;1002.43
6204;2015;55;65734079;86914927;212.74;5448000;0;1413.34
6204;2016;38;56676358;74939100;208.54;4156000;0;1064.65
6204;2017;50;92349809;122106965;314.73;4110000;0;1318.65
6204;2018;39;51202006;67700387;203.42;3080000;0;1158.91
6204;2019;43;41015427;54231503;226.99;3430000;0;1109.25
6204;2020;16;16076181;25817667;83.99;1040000;0;294.49
6204;2021;11;15124335;19997731;69.98;660000;0;214.09
6204;2022;20;10994523;12740986;59.6;1420000;0;157.62
6204;2023;17;17572889;19999870;90.16;1240000;0;192.04
6204;2024;7;14227541;18811855;83.31;590000;0;176.27
6204;2025;9;5460705;7220264;32.09;750000;0;101.6
6205;2012;9;11011876;13857423;20.62;897900;108000;118.03
6205;2013;7;6996725;9126864;16.2;840000;0;87.13
6205;2014;2;2904751;3840726;12.3;204000;0;53.73
6205;2015;6;9214532;12183747;34.18;576000;0;171.37
6205;2016;5;6213471;8215588;21.45;384000;0;97.88
6205;2017;6;8405911;11114482;19.89;466000;0;96.45
6205;2018;6;5225716;6909559;25.42;440000;0;69.88
6205;2019;5;6642707;8783135;15.42;350000;0;42.91
6205;2020;5;4803251;6930095;21.8;320000;0;115.51
6205;2021;5;3902006;5159320;10.36;360000;0;37.76
6205;2022;2;731852;967671;3.07;150000;0;24.36
6205;2023;1;911999;1205866;1.0;70000;0;26.18
6205;2024;1;900297;1190393;1.0;90000;0;15.98
6205;2025;1;728525;963533;1.0;80000;0;11.67
6206;2012;59;122142535;154015742;180.0;6680700;1474000;739.88
6206;2013;32;69559921;87457832;105.51;3802000;1074000;342.38
6206;2014;56;38843564;50898876;127.8;5500500;830000;528.1
6206;2015;60;46992040;62941298;156.76;6167000;1396000;707.33
6206;2016;41;32269643;43661322;134.62;3984000;1024000;720.36
6206;2017;63;69563894;94115612;167.66;5187000;1220000;814.18
6206;2018;36;35187069;47441233;125.89;2637000;1749000;463.83
6206;2019;39;37493853;51162211;124.52;3290090;1682060;630.1
6206;2020;67;21358324;28371360;63.78;4661500;540000;740.29
6206;2021;4;2453968;3284613;11.34;270000;0;36.63
6206;2022;45;17105579;22707065;36.2;3136500;0;233.19
6206;2023;30;19672021;26318925;21.02;2100000;0;166.86
6301;2012;31;30483367;38898095;186.95;2550000;0;229.64
6301;2013;35;30739176;43866554;165.87;2798000;0;249.19
6301;2014;22;18701528;26259111;107.64;1632000;0;163.26
6301;2015;21;20610272;28133760;115.96;1728000;0;149.16
6301;2016;24;28006659;36646573;149.17;1780000;0;196.41
6301;2017;22;17955086;23031847;118.51;1330000;0;186.37
6301;2018;24;22052196;27588551;112.74;1494000;0;175.86
6301;2019;24;20998392;26307223;100.82;1520000;0;156.77
6301;2020;18;13706933;17335018;79.32;1130000;0;127.29
6301;2021;12;9148430;11690665;62.65;690000;0;96.33
6301;2022;19;13791129;17567070;71.64;1495000;0;121.62
6301;2023;1;796684;990000;3.0;75000;0;3.0
6301;2024;14;11063367;15556895;56.39;1120000;0;77.35
6301;2025;7;5528239;7558213;25.68;560000;0;33.79
6302;2012;83;77399100;92050567;639.11;6063800;0;943.34
6302;2013;104;88285084;102348612;602.7;7322000;0;1019.59
6302;2014;99;86717054;103901875;561.82;6812000;0;809.13
6302;2015;83;75807319;84550680;429.89;6280000;0;588.94
6302;2016;105;94647353;105900938;516.75;6589000;0;618.27
6302;2017;125;126709863;141015543;513.02;7046000;0;781.52
6302;2018;123;152607956;171842101;644.72;6620000;0;749.43
6302;2019;130;132728543;148016431;740.77;7230000;0;871.89
6302;2020;121;118797493;133102318;614.95;6680000;0;756.9
6302;2021;130;112965652;127277368;620.98;7170000;0;795.24
6302;2022;145;120819281;134722139;630.77;10020000;0;996.25
6302;2023;51;50717717;56589437;205.63;3330000;0;302.32
6302;2024;115;130574434;169033425;564.13;8700000;0;716.88
6302;2025;96;128134409;152365112;478.87;7240000;0;619.51
6303;2012;267;238790317;278872301;1453.45;21153600;0;1751.55
6303;2013;277;205436376;251588636;1510.08;23348000;0;1834.47
6303;2014;169;155700171;180377999;846.36;11170400;0;1069.71
6303;2015;230;204002084;240291669;1236.53;20273700;0;1510.95
6303;2016;258;218878248;259544215;1314.25;18131250;0;1634.53
6303;2017;245;239263420;276763207;1220.25;14715000;0;1488.41
6303;2018;251;253085223;291528133;1240.44;15170000;0;1533.03
6303;2019;237;169001484;197597811;1014.2;14370000;0;1276.27
6303;2020;196;106933747;135087292;806.69;11758000;0;989.25
6303;2021;165;84290353;106882991;635.2;9790000;0;778.74
6303;2022;155;96208002;118427767;620.8;11519000;0;735.77
6303;2023;13;16265902;21450027;74.15;975000;0;85.78
6303;2024;163;139487181;189826960;591.06;12765000;0;698.23
6303;2025;100;87152541;116427452;334.74;7990000;0;386.82
6304;2012;40;58982539;78234771;173.92;4173900;214000;536.25
6304;2013;47;54612396;71685720;224.97;4927000;60000;692.54
6304;2014;65;64183272;79787649;233.85;5899000;120000;751.81
6304;2015;90;66312677;86614420;263.08;7418000;60000;1150.0
6304;2016;47;42121593;54791017;260.39;3759000;0;915.0
6304;2017;66;85023834;112264262;205.52;4280000;0;735.59
6304;2018;25;26070379;32823059;143.51;1616000;0;415.8
6304;2019;48;41035738;52801304;248.99;3392000;0;564.68
6304;2020;56;26369585;34418491;139.95;3830000;0;507.43
6304;2021;11;9153301;11781499;53.87;780000;0;202.02
6304;2022;41;17729187;23426928;50.52;2880000;0;415.73
6304;2023;33;15384462;20341641;56.54;2260000;0;264.23
6304;2024;15;8945991;12139378;37.14;1190000;0;227.59
6304;2025;15;11357428;16142062;47.1;1085000;0;133.38
6305;2012;5;2488068;3094639;32.5;270000;0;32.6
6305;2013;14;11560367;14834057;72.09;1193000;0;108.79
6305;2014;9;6195420;8675000;47.0;588000;0;57.33
6305;2015;18;15294552;19445078;75.77;1692000;0;109.0
6305;2016;26;18477608;23109543;123.99;1860000;0;178.63
6305;2017;25;18888875;23714411;124.26;1440060;0;148.23
6305;2018;34;28530106;35339520;146.88;2060000;0;185.24
6305;2019;25;15735947;19380858;105.36;1470000;0;120.72
6305;2020;18;7979235;10128063;60.58;1065000;0;77.73
6305;2021;21;12109957;14764878;75.55;1260000;0;95.58
6305;2022;14;10520132;13331252;62.14;1080000;0;80.42
6305;2023;5;4177921;5342341;17.26;375000;0;18.17
6305;2024;14;12309737;16127000;57.68;1120000;0;82.33
6305;2025;7;7857470;10360292;38.15;560000;0;45.33
6306;2012;188;174274899;200350798;1017.17;11327300;0;1295.25
6306;2013;196;175911628;199907265;1101.0;10738000;0;1422.75
6306;2014;151;130016722;153709147;831.9;7171000;0;1027.4
6306;2015;170;184981046;206202231;886.56;9569070;0;1029.57
6306;2016;177;167449235;186491896;909.75;8193000;0;1086.64
6306;2017;202;243306463;272956117;1003.78;9100000;0;1299.3
6306;2018;226;296678483;332586701;1133.28;10780000;0;1412.36
6306;2019;208;203507760;228844400;1018.51;9090000;0;1255.83
6306;2020;177;156230425;176378122;852.5;7160000;0;1023.89
6306;2021;171;148941057;167192632;822.21;7725000;0;978.99
6306;2022;180;149144497;167690117;832.21;9135000;0;1044.97
6306;2023;81;115140546;130147815;417.65;4330000;0;500.44
6306;2024;133;160126713;193612194;640.26;8193000;0;767.76
6306;2025;117;155744506;179503127;570.69;7010000;0;666.26
6307;2012;55;58415609;69017248;321.37;4358600;0;446.27
6307;2013;66;82616780;96621532;427.2;4988000;0;704.62
6307;2014;40;47553165;55886595;260.2;2674084;0;415.2
6307;2015;67;86207679;98681619;389.3;5048000;0;605.75
6307;2016;63;87414417;99724598;435.77;3934000;0;557.91
6307;2017;63;102445501;4811143557;427.21;3490000;0;649.99
6307;2018;66;108296494;120631430;417.52;3314000;0;667.22
6307;2019;73;90985357;101785823;458.81;3830000;0;692.29
6307;2020;61;63391706;71207615;336.81;2955000;0;515.87
6307;2021;54;62439967;69951807;322.58;2800000;0;473.28
6307;2022;50;55986266;62533019;283.81;2745000;0;416.83
6307;2023;22;37605007;41843039;134.65;1145000;0;178.86
6307;2024;44;60205412;73973544;246.05;2970000;0;337.2
6307;2025;30;51148015;60586636;147.1;2160000;0;192.17
6308;2012;26;18490344;23632484;124.32;1842000;0;177.55
6308;2013;52;37397615;48633706;229.99;3934000;0;337.3
6308;2014;19;10424664;13234395;85.49;1188000;0;117.2
6308;2015;21;10556308;13368725;66.66;1595000;0;109.91
6308;2016;52;29977579;38090641;198.2;3560000;0;284.03
6308;2017;55;36598854;46270565;178.06;3129000;0;254.75
6308;2018;48;35220239;44052903;179.6;2750000;0;256.67
6308;2019;37;22028379;27153856;148.0;2186000;0;195.78
6308;2020;27;17170650;20464673;96.92;1618000;0;121.5
6308;2021;20;11876656;14394986;76.11;1200000;0;107.56
6308;2022;17;11292868;13029014;59.36;1110000;0;76.0
6308;2023;12;10442074;11872584;40.9;900000;0;62.65
6308;2024;16;15817994;19081860;65.51;1280000;0;86.02
6308;2025;9;10787931;12897240;38.7;720000;0;46.4
6309;2012;37;80904963;103989981;179.42;4216700;158000;1194.41
6309;2013;34;67857646;88786540;147.64;4039000;60000;1435.98
6309;2014;40;39146382;50353189;97.07;3841000;0;614.47
6309;2015;50;55796623;72577323;193.6;5089000;60000;1615.98
6309;2016;24;25775656;33224372;109.05;2392000;180000;869.86
6309;2017;44;63967686;81662965;229.65;3036000;0;1177.0
6309;2018;25;39047706;50183415;124.5;2010000;0;1142.78
6309;2019;26;20780423;26312790;104.87;1990000;60000;655.41
6309;2020;18;8570623;10277600;51.0;1220000;0;211.75
6309;2021;16;8177449;10313280;52.38;1100000;0;238.35
6309;2022;21;13627066;16785365;59.21;1480000;0;221.3
6309;2023;16;6457256;9036040;47.71;1191000;0;157.19
6309;2024;14;7815111;10941152;53.58;1086000;0;189.5
6309;2025;17;11449995;15812447;66.67;1359000;0;178.69
6310;2012;67;57871108;67321490;326.76;4614000;0;530.9
6310;2013;72;79076107;90243451;414.55;5535000;0;522.27
6310;2014;70;68749276;81750466;406.5;4310000;0;567.94
6310;2015;84;84611023;94685118;423.69;6274000;0;856.02
6310;2016;85;75729567;84654667;418.94;4934000;0;526.76
6310;2017;90;110792964;123547038;462.06;4544000;0;577.53
6310;2018;106;135544952;150870318;560.63;5450000;0;645.8
6310;2019;108;110294671;122926862;556.14;5790000;0;665.41
6310;2020;77;68297892;76860013;357.88;4140000;0;488.84
6310;2021;77;71819681;80073457;390.36;4080000;0;486.24
6310;2022;75;71699375;79983001;376.76;4665000;0;483.67
6310;2023;30;55253146;61392376;191.05;1540000;0;217.73
6310;2024;67;79700985;98203830;325.28;4600000;0;407.26
6310;2025;52;65803443;76873461;234.95;3750000;0;280.16
