id_comuna;origen;anio;umbral_t_ha;ha_evaluadas;ha_sobre_umbral;en_dominio
6101;TerraFoco;2025;18.0;20404.61;6252.2;true
6102;TerraFoco;2025;18.0;23180.91;14365.57;false
6103;TerraFoco;2025;18.0;8446.48;3832.42;true
6104;TerraFoco;2025;18.0;19714.34;3778.27;true
6105;TerraFoco;2025;18.0;6167.09;1572.21;true
6106;TerraFoco;2025;18.0;9879.41;1976.73;true
6107;TerraFoco;2025;18.0;64449.95;21748.57;true
6108;TerraFoco;2025;18.0;138423.01;130159.7;false
6109;TerraFoco;2025;18.0;19804.5;8882.75;true
6110;TerraFoco;2025;18.0;42060.78;29621.94;false
6111;TerraFoco;2025;18.0;2851.51;97.25;true
6112;TerraFoco;2025;18.0;14069.88;2506.93;true
6113;TerraFoco;2025;18.0;28029.2;7201.5;true
6114;TerraFoco;2025;18.0;7717.21;1186.29;true
6115;TerraFoco;2025;18.0;46220.07;25745.53;false
6116;TerraFoco;2025;18.0;54663.42;35635.51;false
6117;TerraFoco;2025;18.0;8871.49;2019.91;true
6201;TerraFoco;2025;18.0;51771.57;3871.63;true
6202;TerraFoco;2025;18.0;39901.01;7458.77;true
6203;TerraFoco;2025;18.0;58573.29;11022.39;true
6204;TerraFoco;2025;18.0;62776.61;8055.31;true
6205;TerraFoco;2025;18.0;27286.59;8319.07;true
6206;TerraFoco;2025;18.0;51451.82;10513.11;true
6301;TerraFoco;2025;18.0;155980.84;113156.44;false
6302;TerraFoco;2025;18.0;45639.46;17122.71;true
6303;TerraFoco;2025;18.0;43480.31;6570.19;true
6304;TerraFoco;2025;18.0;37593.52;16214.63;true
6305;TerraFoco;2025;18.0;13287.62;2547.12;true
6306;TerraFoco;2025;18.0;21507.73;3509.88;true
6307;TerraFoco;2025;18.0;26187.78;3848.4;true
6308;TerraFoco;2025;18.0;12904.82;2919.16;true
6309;TerraFoco;2025;18.0;24988.25;8581.97;true
6310;TerraFoco;2025;18.0;36154.99;11844.67;true
